{"gpt2-large": {"piqa": {"ccs_acc": 0.55, "uccs_acc": 0.5481727719306946, "uccs_coverage": 60.199999999999996}}}